,gene_id,transcript_id,transcript_hacat_stim_1,linked_SNP_hacat_stim_1,hacat_stim_1,transcript_hacat_stim_2,linked_SNP_hacat_stim_2,hacat_stim_2,transcript_hacat_unstim_1,linked_SNP_hacat_unstim_1,hacat_unstim_1,transcript_hacat_unstim_2,linked_SNP_hacat_unstim_2,hacat_unstim_2,transcript_myla_1,linked_SNP_myla_1,myla_1,transcript_myla_2,linked_SNP_myla_2,myla_2,transcript_naive_T_1,linked_SNP_naive_T_1,naive_T_1,transcript_naive_T_2,linked_SNP_naive_T_2,naive_T_2,transcript_GM12878,linked_SNP_GM12878,GM12878,transcript_hacat_stim,linked_SNP_hacat_stim,hacat_stim,transcript_hacat_unstim,linked_SNP_hacat_unstim,hacat_unstim,transcript_myla,linked_SNP_myla,myla,transcript_naive_T,linked_SNP_naive_T,naive_T,gene_name
0,ENSG00000002330,,"{'ENST00000544785', 'ENST00000394532', 'ENST00000309032', 'ENST00000394531'}",{'rs2510066_rs887314'},1.0,"{'ENST00000544785', 'ENST00000394532', 'ENST00000309032', 'ENST00000394531'}",{'rs2510066_rs887314'},1.0,"{'ENST00000544785', 'ENST00000394532', 'ENST00000309032', 'ENST00000394531'}",{'rs2510066_rs887314'},1.0,"{'ENST00000544785', 'ENST00000394532', 'ENST00000309032', 'ENST00000394531'}",{'rs2510066_rs887314'},1.0,"{'ENST00000544785', 'ENST00000394532', 'ENST00000309032', 'ENST00000394531'}",{'rs2510066_rs887314'},1.0,"{'ENST00000544785', 'ENST00000394532', 'ENST00000309032', 'ENST00000394531'}",{'rs2510066_rs887314'},1.0,"{'ENST00000544785', 'ENST00000394532', 'ENST00000309032', 'ENST00000394531'}",{'rs2510066_rs887314'},1.0,"{'ENST00000544785', 'ENST00000394532', 'ENST00000309032', 'ENST00000394531'}",{'rs2510066_rs887314'},1.0,"{'ENST00000544785', 'ENST00000394532', 'ENST00000309032', 'ENST00000394531'}",{'rs2510066_rs887314'},1.0,"{'ENST00000544785', 'ENST00000394532', 'ENST00000309032', 'ENST00000394531'}",{'rs2510066_rs887314'},1.0,"{'ENST00000544785', 'ENST00000394532', 'ENST00000309032', 'ENST00000394531'}",{'rs2510066_rs887314'},1.0,"{'ENST00000544785', 'ENST00000394532', 'ENST00000309032', 'ENST00000394531'}",{'rs2510066_rs887314'},1.0,"{'ENST00000544785', 'ENST00000394532', 'ENST00000309032', 'ENST00000394531'}",{'rs2510066_rs887314'},1.0,BAD
1,ENSG00000062485,,"{'ENST00000549221', 'ENST00000548567', 'ENST00000550734', 'ENST00000547298', 'ENST00000551473', 'ENST00000551968', 'ENST00000351328', 'ENST00000550655', 'ENST00000551137', 'ENST00000552688', 'ENST00000551430', 'ENST00000542324', 'ENST00000551253', 'ENST00000550159', 'ENST00000551936', 'ENST00000548041', 'ENST00000546930'}","{'rs41423244_rs57137641', 'rs2695789_rs57137641', 'rs78149779_rs57137641'}",1.0,"{'ENST00000549221', 'ENST00000548567', 'ENST00000550734', 'ENST00000547298', 'ENST00000551473', 'ENST00000551968', 'ENST00000351328', 'ENST00000550655', 'ENST00000551137', 'ENST00000552688', 'ENST00000551430', 'ENST00000542324', 'ENST00000551253', 'ENST00000550159', 'ENST00000551936', 'ENST00000548041', 'ENST00000546930'}","{'rs41423244_rs57137641', 'rs2695789_rs57137641', 'rs78149779_rs57137641'}",1.0,"{'ENST00000549221', 'ENST00000548567', 'ENST00000550734', 'ENST00000547298', 'ENST00000551473', 'ENST00000551968', 'ENST00000351328', 'ENST00000550655', 'ENST00000551137', 'ENST00000552688', 'ENST00000551430', 'ENST00000542324', 'ENST00000551253', 'ENST00000550159', 'ENST00000551936', 'ENST00000548041', 'ENST00000546930'}","{'rs41423244_rs57137641', 'rs2695789_rs57137641', 'rs78149779_rs57137641'}",1.0,"{'ENST00000549221', 'ENST00000548567', 'ENST00000550734', 'ENST00000547298', 'ENST00000551473', 'ENST00000551968', 'ENST00000351328', 'ENST00000550655', 'ENST00000551137', 'ENST00000552688', 'ENST00000551430', 'ENST00000542324', 'ENST00000551253', 'ENST00000550159', 'ENST00000551936', 'ENST00000548041', 'ENST00000546930'}","{'rs41423244_rs57137641', 'rs2695789_rs57137641', 'rs78149779_rs57137641'}",1.0,"{'ENST00000549221', 'ENST00000548567', 'ENST00000550734', 'ENST00000547298', 'ENST00000551473', 'ENST00000551968', 'ENST00000351328', 'ENST00000550655', 'ENST00000551137', 'ENST00000552688', 'ENST00000551430', 'ENST00000542324', 'ENST00000551253', 'ENST00000550159', 'ENST00000551936', 'ENST00000548041', 'ENST00000546930'}","{'rs41423244_rs57137641', 'rs2695789_rs57137641', 'rs78149779_rs57137641'}",1.0,"{'ENST00000549221', 'ENST00000548567', 'ENST00000550734', 'ENST00000547298', 'ENST00000551473', 'ENST00000551968', 'ENST00000351328', 'ENST00000550655', 'ENST00000551137', 'ENST00000552688', 'ENST00000551430', 'ENST00000542324', 'ENST00000551253', 'ENST00000550159', 'ENST00000551936', 'ENST00000548041', 'ENST00000546930'}","{'rs41423244_rs57137641', 'rs2695789_rs57137641', 'rs78149779_rs57137641'}",1.0,"{'ENST00000549221', 'ENST00000548567', 'ENST00000550734', 'ENST00000547298', 'ENST00000551473', 'ENST00000551968', 'ENST00000351328', 'ENST00000550655', 'ENST00000551137', 'ENST00000552688', 'ENST00000551430', 'ENST00000542324', 'ENST00000551253', 'ENST00000550159', 'ENST00000551936', 'ENST00000548041', 'ENST00000546930'}","{'rs41423244_rs57137641', 'rs2695789_rs57137641', 'rs78149779_rs57137641'}",1.0,"{'ENST00000549221', 'ENST00000548567', 'ENST00000550734', 'ENST00000547298', 'ENST00000551473', 'ENST00000551968', 'ENST00000351328', 'ENST00000550655', 'ENST00000551137', 'ENST00000552688', 'ENST00000551430', 'ENST00000542324', 'ENST00000551253', 'ENST00000550159', 'ENST00000551936', 'ENST00000548041', 'ENST00000546930'}","{'rs41423244_rs57137641', 'rs2695789_rs57137641', 'rs78149779_rs57137641'}",1.0,"{'ENST00000549221', 'ENST00000548567', 'ENST00000550734', 'ENST00000547298', 'ENST00000551473', 'ENST00000551968', 'ENST00000351328', 'ENST00000550655', 'ENST00000551137', 'ENST00000552688', 'ENST00000551430', 'ENST00000542324', 'ENST00000551253', 'ENST00000550159', 'ENST00000551936', 'ENST00000548041', 'ENST00000546930'}","{'rs41423244_rs57137641', 'rs2695789_rs57137641', 'rs78149779_rs57137641'}",1.0,"{'ENST00000549221', 'ENST00000548567', 'ENST00000550734', 'ENST00000547298', 'ENST00000551473', 'ENST00000551968', 'ENST00000351328', 'ENST00000550655', 'ENST00000551137', 'ENST00000552688', 'ENST00000551430', 'ENST00000542324', 'ENST00000551253', 'ENST00000550159', 'ENST00000551936', 'ENST00000548041', 'ENST00000546930'}","{'rs41423244_rs57137641', 'rs2695789_rs57137641', 'rs78149779_rs57137641'}",1.0,"{'ENST00000549221', 'ENST00000548567', 'ENST00000550734', 'ENST00000547298', 'ENST00000551473', 'ENST00000551968', 'ENST00000351328', 'ENST00000550655', 'ENST00000551137', 'ENST00000552688', 'ENST00000551430', 'ENST00000542324', 'ENST00000551253', 'ENST00000550159', 'ENST00000551936', 'ENST00000548041', 'ENST00000546930'}","{'rs41423244_rs57137641', 'rs2695789_rs57137641', 'rs78149779_rs57137641'}",1.0,"{'ENST00000549221', 'ENST00000548567', 'ENST00000550734', 'ENST00000547298', 'ENST00000551473', 'ENST00000551968', 'ENST00000351328', 'ENST00000550655', 'ENST00000551137', 'ENST00000552688', 'ENST00000551430', 'ENST00000542324', 'ENST00000551253', 'ENST00000550159', 'ENST00000551936', 'ENST00000548041', 'ENST00000546930'}","{'rs41423244_rs57137641', 'rs2695789_rs57137641', 'rs78149779_rs57137641'}",1.0,"{'ENST00000549221', 'ENST00000548567', 'ENST00000550734', 'ENST00000547298', 'ENST00000551473', 'ENST00000551968', 'ENST00000351328', 'ENST00000550655', 'ENST00000551137', 'ENST00000552688', 'ENST00000551430', 'ENST00000542324', 'ENST00000551253', 'ENST00000550159', 'ENST00000551936', 'ENST00000548041', 'ENST00000546930'}","{'rs41423244_rs57137641', 'rs2695789_rs57137641', 'rs78149779_rs57137641'}",1.0,CS
2,ENSG00000095485,,"{'ENST00000354105', 'ENST00000473842'}","{'rs12784396_rs61871342', 'rs2039015_rs61871342'}",1.0,"{'ENST00000354105', 'ENST00000473842'}","{'rs12784396_rs61871342', 'rs2039015_rs61871342'}",1.0,"{'ENST00000354105', 'ENST00000473842'}","{'rs12784396_rs61871342', 'rs2039015_rs61871342'}",1.0,"{'ENST00000354105', 'ENST00000473842'}","{'rs12784396_rs61871342', 'rs2039015_rs61871342'}",1.0,"{'ENST00000354105', 'ENST00000473842'}","{'rs12784396_rs61871342', 'rs2039015_rs61871342'}",1.0,"{'ENST00000354105', 'ENST00000473842'}","{'rs12784396_rs61871342', 'rs2039015_rs61871342'}",1.0,"{'ENST00000354105', 'ENST00000473842'}","{'rs12784396_rs61871342', 'rs2039015_rs61871342'}",1.0,"{'ENST00000354105', 'ENST00000473842'}","{'rs12784396_rs61871342', 'rs2039015_rs61871342'}",1.0,"{'ENST00000354105', 'ENST00000473842'}","{'rs12784396_rs61871342', 'rs2039015_rs61871342'}",1.0,"{'ENST00000354105', 'ENST00000473842'}","{'rs12784396_rs61871342', 'rs2039015_rs61871342'}",1.0,"{'ENST00000354105', 'ENST00000473842'}","{'rs12784396_rs61871342', 'rs2039015_rs61871342'}",1.0,"{'ENST00000354105', 'ENST00000473842'}","{'rs12784396_rs61871342', 'rs2039015_rs61871342'}",1.0,"{'ENST00000354105', 'ENST00000473842'}","{'rs12784396_rs61871342', 'rs2039015_rs61871342'}",1.0,CWF19L1
3,ENSG00000099364,,"{'ENST00000566320', 'ENST00000565939', 'ENST00000562798', 'ENST00000471231'}","{'rs1458202_rs7184567', 'rs3813020_rs7184567'}",1.0,"{'ENST00000566320', 'ENST00000565939', 'ENST00000562798', 'ENST00000471231'}","{'rs1458202_rs7184567', 'rs3813020_rs7184567'}",1.0,"{'ENST00000566320', 'ENST00000565939', 'ENST00000562798', 'ENST00000471231'}","{'rs1458202_rs7184567', 'rs3813020_rs7184567'}",1.0,"{'ENST00000566320', 'ENST00000565939', 'ENST00000562798', 'ENST00000471231'}","{'rs1458202_rs7184567', 'rs3813020_rs7184567'}",1.0,"{'ENST00000427128', 'ENST00000562798', 'ENST00000565690', 'ENST00000566320', 'ENST00000471231', 'ENST00000565939'}","{'rs8050588_rs7184567', 'rs3813020_rs7184567', 'rs1458202_rs7184567'}",1.0,"{'ENST00000427128', 'ENST00000562798', 'ENST00000565690', 'ENST00000566320', 'ENST00000471231', 'ENST00000565939'}","{'rs8050588_rs7184567', 'rs3813020_rs7184567', 'rs1458202_rs7184567'}",1.0,"{'ENST00000562798', 'ENST00000471231'}",{'rs3813020_rs7184567'},1.0,"{'ENST00000562798', 'ENST00000471231'}",{'rs3813020_rs7184567'},1.0,"{'ENST00000427128', 'ENST00000562798', 'ENST00000565690', 'ENST00000566320', 'ENST00000471231', 'ENST00000565939'}","{'rs8050588_rs7184567', 'rs3813020_rs7184567', 'rs1458202_rs7184567'}",1.0,"{'ENST00000566320', 'ENST00000565939', 'ENST00000562798', 'ENST00000471231'}","{'rs1458202_rs7184567', 'rs3813020_rs7184567'}",1.0,"{'ENST00000427128', 'ENST00000562798', 'ENST00000565690', 'ENST00000566320', 'ENST00000471231', 'ENST00000565939'}","{'rs8050588_rs7184567', 'rs3813020_rs7184567', 'rs1458202_rs7184567'}",1.0,"{'ENST00000427128', 'ENST00000562798', 'ENST00000565690', 'ENST00000566320', 'ENST00000471231', 'ENST00000565939'}","{'rs8050588_rs7184567', 'rs3813020_rs7184567', 'rs1458202_rs7184567'}",1.0,"{'ENST00000562798', 'ENST00000471231'}",{'rs3813020_rs7184567'},1.0,FBXL19
4,ENSG00000099377,,"{'ENST00000297679', 'ENST00000574447', 'ENST00000562932', 'ENST00000262520'}",{'rs6950_rs7184567'},1.0,"{'ENST00000297679', 'ENST00000574447', 'ENST00000562932', 'ENST00000262520'}",{'rs6950_rs7184567'},1.0,"{'ENST00000297679', 'ENST00000574447', 'ENST00000562932', 'ENST00000262520'}",{'rs6950_rs7184567'},1.0,"{'ENST00000297679', 'ENST00000574447', 'ENST00000562932', 'ENST00000262520'}",{'rs6950_rs7184567'},1.0,"{'ENST00000297679', 'ENST00000574447', 'ENST00000562932', 'ENST00000262520'}",{'rs6950_rs7184567'},1.0,"{'ENST00000297679', 'ENST00000574447', 'ENST00000562932', 'ENST00000262520'}",{'rs6950_rs7184567'},1.0,,,,,,,,,,"{'ENST00000297679', 'ENST00000574447', 'ENST00000562932', 'ENST00000262520'}",{'rs6950_rs7184567'},1.0,"{'ENST00000297679', 'ENST00000574447', 'ENST00000562932', 'ENST00000262520'}",{'rs6950_rs7184567'},1.0,"{'ENST00000297679', 'ENST00000574447', 'ENST00000562932', 'ENST00000262520'}",{'rs6950_rs7184567'},1.0,,,,HSD3B7
5,ENSG00000099381,,"{'ENST00000262519', 'ENST00000452917'}","{'rs62055866_rs7184567', 'rs4889599_rs7184567'}",1.0,"{'ENST00000262519', 'ENST00000452917'}","{'rs62055866_rs7184567', 'rs4889599_rs7184567'}",1.0,"{'ENST00000262519', 'ENST00000452917'}","{'rs62055866_rs7184567', 'rs4889599_rs7184567'}",1.0,"{'ENST00000262519', 'ENST00000452917'}","{'rs62055866_rs7184567', 'rs4889599_rs7184567'}",1.0,"{'ENST00000262519', 'ENST00000452917'}","{'rs62055866_rs7184567', 'rs4889599_rs7184567'}",1.0,"{'ENST00000262519', 'ENST00000452917'}","{'rs62055866_rs7184567', 'rs4889599_rs7184567'}",1.0,"{'ENST00000262519', 'ENST00000452917'}","{'rs62055866_rs7184567', 'rs4889599_rs7184567'}",1.0,"{'ENST00000262519', 'ENST00000452917'}","{'rs62055866_rs7184567', 'rs4889599_rs7184567'}",1.0,"{'ENST00000262519', 'ENST00000452917'}","{'rs62055866_rs7184567', 'rs4889599_rs7184567'}",1.0,"{'ENST00000262519', 'ENST00000452917'}","{'rs62055866_rs7184567', 'rs4889599_rs7184567'}",1.0,"{'ENST00000262519', 'ENST00000452917'}","{'rs62055866_rs7184567', 'rs4889599_rs7184567'}",1.0,"{'ENST00000262519', 'ENST00000452917'}","{'rs62055866_rs7184567', 'rs4889599_rs7184567'}",1.0,"{'ENST00000262519', 'ENST00000452917'}","{'rs62055866_rs7184567', 'rs4889599_rs7184567'}",1.0,SETD1A
6,ENSG00000101751,,"{'ENST00000577612', 'ENST00000579434', 'ENST00000579534', 'ENST00000406285', 'ENST00000583136', 'ENST00000217800', 'ENST00000580880'}","{'rs3017302_rs144098432', 'rs666027_rs144098432', 'rs3730685_rs144098432', 'rs3730684_rs144098432', 'rs3017300_rs144098432', 'rs3018198_rs144098432', 'rs596887_rs144098432', 'rs2956140_rs144098432', 'rs524464_rs144098432'}",1.0,"{'ENST00000577612', 'ENST00000579434', 'ENST00000579534', 'ENST00000406285', 'ENST00000583136', 'ENST00000217800', 'ENST00000580880'}","{'rs3017302_rs144098432', 'rs666027_rs144098432', 'rs3730685_rs144098432', 'rs510482_rs144098432', 'rs3017300_rs144098432', 'rs3730684_rs144098432', 'rs3018198_rs144098432', 'rs596887_rs144098432', 'rs2956140_rs144098432', 'rs524464_rs144098432'}",1.0,"{'ENST00000577612', 'ENST00000579434', 'ENST00000579534', 'ENST00000406285', 'ENST00000583136', 'ENST00000217800', 'ENST00000580880'}","{'rs3017302_rs144098432', 'rs666027_rs144098432', 'rs3730685_rs144098432', 'rs3730684_rs144098432', 'rs3017300_rs144098432', 'rs3018198_rs144098432', 'rs596887_rs144098432', 'rs2956140_rs144098432', 'rs524464_rs144098432'}",1.0,"{'ENST00000577612', 'ENST00000579434', 'ENST00000579534', 'ENST00000406285', 'ENST00000583136', 'ENST00000217800', 'ENST00000580880'}","{'rs3017302_rs144098432', 'rs666027_rs144098432', 'rs3730685_rs144098432', 'rs510482_rs144098432', 'rs3017300_rs144098432', 'rs3730684_rs144098432', 'rs3018198_rs144098432', 'rs596887_rs144098432', 'rs2956140_rs144098432', 'rs524464_rs144098432'}",1.0,"{'ENST00000577612', 'ENST00000579823', 'ENST00000579434', 'ENST00000579534', 'ENST00000406285', 'ENST00000583136', 'ENST00000217800', 'ENST00000580880'}","{'rs3017302_rs144098432', 'rs666027_rs144098432', 'rs3730685_rs144098432', 'rs3730684_rs144098432', 'rs3017300_rs144098432', 'rs2956141_rs144098432', 'rs3018198_rs144098432', 'rs596887_rs144098432', 'rs2956140_rs144098432', 'rs653786_rs144098432', 'rs524464_rs144098432'}",1.0,"{'ENST00000577612', 'ENST00000579823', 'ENST00000579434', 'ENST00000579534', 'ENST00000406285', 'ENST00000583136', 'ENST00000217800'}","{'rs3017302_rs144098432', 'rs666027_rs144098432', 'rs3017300_rs144098432', 'rs2956141_rs144098432', 'rs3018198_rs144098432', 'rs596887_rs144098432', 'rs2956140_rs144098432', 'rs653786_rs144098432', 'rs524464_rs144098432'}",1.0,"{'ENST00000577612', 'ENST00000579434', 'ENST00000579534', 'ENST00000406285', 'ENST00000583136', 'ENST00000217800'}","{'rs3017302_rs144098432', 'rs666027_rs144098432', 'rs3017300_rs144098432', 'rs3018198_rs144098432', 'rs596887_rs144098432', 'rs2956140_rs144098432', 'rs524464_rs144098432'}",1.0,"{'ENST00000577612', 'ENST00000579434', 'ENST00000579534', 'ENST00000406285', 'ENST00000583136', 'ENST00000217800'}","{'rs3017302_rs144098432', 'rs666027_rs144098432', 'rs3017300_rs144098432', 'rs3018198_rs144098432', 'rs596887_rs144098432', 'rs2956140_rs144098432', 'rs524464_rs144098432'}",1.0,"{'ENST00000577612', 'ENST00000579823', 'ENST00000579434', 'ENST00000579534', 'ENST00000406285', 'ENST00000583136', 'ENST00000217800', 'ENST00000580880'}","{'rs3017302_rs144098432', 'rs666027_rs144098432', 'rs3730685_rs144098432', 'rs510482_rs144098432', 'rs3017300_rs144098432', 'rs3730684_rs144098432', 'rs2956141_rs144098432', 'rs3018198_rs144098432', 'rs596887_rs144098432', 'rs2956140_rs144098432', 'rs653786_rs144098432', 'rs524464_rs144098432'}",1.0,"{'ENST00000577612', 'ENST00000579434', 'ENST00000579534', 'ENST00000406285', 'ENST00000583136', 'ENST00000217800', 'ENST00000580880'}","{'rs3017302_rs144098432', 'rs666027_rs144098432', 'rs3730685_rs144098432', 'rs510482_rs144098432', 'rs3017300_rs144098432', 'rs3730684_rs144098432', 'rs3018198_rs144098432', 'rs596887_rs144098432', 'rs2956140_rs144098432', 'rs524464_rs144098432'}",1.0,"{'ENST00000577612', 'ENST00000579434', 'ENST00000579534', 'ENST00000406285', 'ENST00000583136', 'ENST00000217800', 'ENST00000580880'}","{'rs3017302_rs144098432', 'rs666027_rs144098432', 'rs3730685_rs144098432', 'rs510482_rs144098432', 'rs3017300_rs144098432', 'rs3730684_rs144098432', 'rs3018198_rs144098432', 'rs596887_rs144098432', 'rs2956140_rs144098432', 'rs524464_rs144098432'}",1.0,"{'ENST00000577612', 'ENST00000579823', 'ENST00000579434', 'ENST00000579534', 'ENST00000406285', 'ENST00000583136', 'ENST00000217800', 'ENST00000580880'}","{'rs3017302_rs144098432', 'rs666027_rs144098432', 'rs3730685_rs144098432', 'rs3730684_rs144098432', 'rs3017300_rs144098432', 'rs2956141_rs144098432', 'rs3018198_rs144098432', 'rs596887_rs144098432', 'rs2956140_rs144098432', 'rs653786_rs144098432', 'rs524464_rs144098432'}",1.0,"{'ENST00000577612', 'ENST00000579434', 'ENST00000579534', 'ENST00000406285', 'ENST00000583136', 'ENST00000217800'}","{'rs3017302_rs144098432', 'rs666027_rs144098432', 'rs3017300_rs144098432', 'rs3018198_rs144098432', 'rs596887_rs144098432', 'rs2956140_rs144098432', 'rs524464_rs144098432'}",1.0,POLI
7,ENSG00000103496,,"{'ENST00000313843', 'ENST00000394998', 'ENST00000613541', 'ENST00000457779'}","{'rs58726213_rs7184567', 'rs12445650_rs7184567'}",1.0,"{'ENST00000313843', 'ENST00000394998', 'ENST00000613541', 'ENST00000457779'}","{'rs58726213_rs7184567', 'rs12445650_rs7184567'}",1.0,"{'ENST00000313843', 'ENST00000394998', 'ENST00000613541', 'ENST00000457779'}","{'rs58726213_rs7184567', 'rs12445650_rs7184567'}",1.0,"{'ENST00000313843', 'ENST00000394998', 'ENST00000613541', 'ENST00000457779'}","{'rs58726213_rs7184567', 'rs12445650_rs7184567'}",1.0,"{'ENST00000313843', 'ENST00000394998', 'ENST00000613541', 'ENST00000457779'}","{'rs58726213_rs7184567', 'rs12445650_rs7184567'}",1.0,"{'ENST00000313843', 'ENST00000394998', 'ENST00000613541', 'ENST00000457779'}","{'rs58726213_rs7184567', 'rs12445650_rs7184567'}",1.0,"{'ENST00000313843', 'ENST00000394998', 'ENST00000613541', 'ENST00000457779'}","{'rs58726213_rs7184567', 'rs12445650_rs7184567'}",1.0,"{'ENST00000313843', 'ENST00000394998', 'ENST00000613541', 'ENST00000457779'}","{'rs58726213_rs7184567', 'rs12445650_rs7184567'}",1.0,"{'ENST00000313843', 'ENST00000394998', 'ENST00000613541', 'ENST00000457779'}","{'rs58726213_rs7184567', 'rs12445650_rs7184567'}",1.0,"{'ENST00000313843', 'ENST00000394998', 'ENST00000613541', 'ENST00000457779'}","{'rs58726213_rs7184567', 'rs12445650_rs7184567'}",1.0,"{'ENST00000313843', 'ENST00000394998', 'ENST00000613541', 'ENST00000457779'}","{'rs58726213_rs7184567', 'rs12445650_rs7184567'}",1.0,"{'ENST00000313843', 'ENST00000394998', 'ENST00000613541', 'ENST00000457779'}","{'rs58726213_rs7184567', 'rs12445650_rs7184567'}",1.0,"{'ENST00000313843', 'ENST00000394998', 'ENST00000613541', 'ENST00000457779'}","{'rs58726213_rs7184567', 'rs12445650_rs7184567'}",1.0,STX4
8,ENSG00000108175,,{'ENST00000446377'},"{'rs1250569_rs1108618', 'rs1250568_rs1108618'}",1.0,{'ENST00000446377'},"{'rs1250569_rs1108618', 'rs1250568_rs1108618'}",1.0,,,,{'ENST00000446377'},"{'rs1250569_rs1108618', 'rs1250568_rs1108618'}",1.0,{'ENST00000446377'},"{'rs1250569_rs1108618', 'rs1250568_rs1108618'}",1.0,{'ENST00000446377'},"{'rs1250569_rs1108618', 'rs1250568_rs1108618'}",1.0,{'ENST00000446377'},"{'rs1250569_rs1108618', 'rs1250568_rs1108618'}",1.0,{'ENST00000446377'},"{'rs1250569_rs1108618', 'rs1250568_rs1108618'}",1.0,{'ENST00000446377'},"{'rs1250569_rs1108618', 'rs1250568_rs1108618'}",1.0,{'ENST00000446377'},"{'rs1250569_rs1108618', 'rs1250568_rs1108618'}",1.0,{'ENST00000446377'},"{'rs1250569_rs1108618', 'rs1250568_rs1108618'}",1.0,{'ENST00000446377'},"{'rs1250569_rs1108618', 'rs1250568_rs1108618'}",1.0,{'ENST00000446377'},"{'rs1250569_rs1108618', 'rs1250568_rs1108618'}",1.0,ZMIZ1
9,ENSG00000124226,,"{'ENST00000622920', 'ENST00000625177', 'ENST00000244061'}","{'rs6125825_rs6067284', 'rs4287819_rs6067284', 'rs11469305_rs6067284'}",1.0,"{'ENST00000622920', 'ENST00000625177', 'ENST00000244061'}","{'rs6125825_rs6067284', 'rs4287819_rs6067284', 'rs11469305_rs6067284'}",1.0,"{'ENST00000622920', 'ENST00000625177', 'ENST00000244061'}","{'rs6125825_rs6067284', 'rs11469305_rs6067284'}",1.0,"{'ENST00000622920', 'ENST00000625177', 'ENST00000244061'}","{'rs6125825_rs6067284', 'rs11469305_rs6067284'}",1.0,"{'ENST00000622920', 'ENST00000625177', 'ENST00000244061'}","{'rs6125825_rs6067284', 'rs11469305_rs6067284'}",1.0,"{'ENST00000622920', 'ENST00000625177', 'ENST00000244061'}","{'rs6125825_rs6067284', 'rs11469305_rs6067284'}",1.0,"{'ENST00000622920', 'ENST00000625177', 'ENST00000244061'}","{'rs6125825_rs6067284', 'rs4287819_rs6067284', 'rs11469305_rs6067284'}",1.0,"{'ENST00000622920', 'ENST00000625177', 'ENST00000244061'}","{'rs6125825_rs6067284', 'rs4287819_rs6067284', 'rs11469305_rs6067284'}",1.0,"{'ENST00000622920', 'ENST00000625177', 'ENST00000244061'}","{'rs6125825_rs6067284', 'rs4287819_rs6067284', 'rs11469305_rs6067284'}",1.0,"{'ENST00000622920', 'ENST00000625177', 'ENST00000244061'}","{'rs6125825_rs6067284', 'rs4287819_rs6067284', 'rs11469305_rs6067284'}",1.0,"{'ENST00000622920', 'ENST00000625177', 'ENST00000244061'}","{'rs6125825_rs6067284', 'rs11469305_rs6067284'}",1.0,"{'ENST00000622920', 'ENST00000625177', 'ENST00000244061'}","{'rs6125825_rs6067284', 'rs11469305_rs6067284'}",1.0,"{'ENST00000622920', 'ENST00000625177', 'ENST00000244061'}","{'rs6125825_rs6067284', 'rs4287819_rs6067284', 'rs11469305_rs6067284'}",1.0,RNF114
10,ENSG00000132471,,"{'ENST00000626827', 'ENST00000587374', 'ENST00000254806', 'ENST00000433525', 'ENST00000589642', 'ENST00000593002', 'ENST00000590221', 'ENST00000585462'}",{'rs55868394_rs55823223'},1.0,"{'ENST00000626827', 'ENST00000587374', 'ENST00000254806', 'ENST00000433525', 'ENST00000589642', 'ENST00000593002', 'ENST00000590221', 'ENST00000585462'}",{'rs55868394_rs55823223'},1.0,"{'ENST00000626827', 'ENST00000587374', 'ENST00000254806', 'ENST00000433525', 'ENST00000589642', 'ENST00000593002', 'ENST00000590221', 'ENST00000585462'}",{'rs55868394_rs55823223'},1.0,"{'ENST00000626827', 'ENST00000587374', 'ENST00000254806', 'ENST00000433525', 'ENST00000589642', 'ENST00000593002', 'ENST00000590221', 'ENST00000585462'}",{'rs55868394_rs55823223'},1.0,"{'ENST00000626827', 'ENST00000587374', 'ENST00000254806', 'ENST00000433525', 'ENST00000589642', 'ENST00000593002', 'ENST00000590221', 'ENST00000585462'}",{'rs55868394_rs55823223'},1.0,"{'ENST00000626827', 'ENST00000587374', 'ENST00000254806', 'ENST00000433525', 'ENST00000589642', 'ENST00000593002', 'ENST00000590221', 'ENST00000585462'}",{'rs55868394_rs55823223'},1.0,"{'ENST00000626827', 'ENST00000587374', 'ENST00000254806', 'ENST00000433525', 'ENST00000589642', 'ENST00000593002', 'ENST00000590221', 'ENST00000585462'}",{'rs55868394_rs55823223'},1.0,"{'ENST00000626827', 'ENST00000587374', 'ENST00000254806', 'ENST00000433525', 'ENST00000589642', 'ENST00000593002', 'ENST00000590221', 'ENST00000585462'}",{'rs55868394_rs55823223'},1.0,"{'ENST00000626827', 'ENST00000587374', 'ENST00000254806', 'ENST00000433525', 'ENST00000589642', 'ENST00000593002', 'ENST00000590221', 'ENST00000585462'}",{'rs55868394_rs55823223'},1.0,"{'ENST00000626827', 'ENST00000587374', 'ENST00000254806', 'ENST00000433525', 'ENST00000589642', 'ENST00000593002', 'ENST00000590221', 'ENST00000585462'}",{'rs55868394_rs55823223'},1.0,"{'ENST00000626827', 'ENST00000587374', 'ENST00000254806', 'ENST00000433525', 'ENST00000589642', 'ENST00000593002', 'ENST00000590221', 'ENST00000585462'}",{'rs55868394_rs55823223'},1.0,"{'ENST00000626827', 'ENST00000587374', 'ENST00000254806', 'ENST00000433525', 'ENST00000589642', 'ENST00000593002', 'ENST00000590221', 'ENST00000585462'}",{'rs55868394_rs55823223'},1.0,"{'ENST00000626827', 'ENST00000587374', 'ENST00000254806', 'ENST00000433525', 'ENST00000589642', 'ENST00000593002', 'ENST00000590221', 'ENST00000585462'}",{'rs55868394_rs55823223'},1.0,WBP2
11,ENSG00000132481,,"{'ENST00000254816', 'ENST00000586495'}","{'rs3903010_rs55823223', 'rs9889965_rs55823223', 'rs4600514_rs55823223', 'rs1105917_rs55823223', 'rs3833085_rs55823223', 'rs116044941_rs55823223', 'rs9908862_rs55823223', 'rs4072479_rs55823223'}",1.0,"{'ENST00000254816', 'ENST00000586495'}","{'rs3903010_rs55823223', 'rs9889965_rs55823223', 'rs4600514_rs55823223', 'rs1105917_rs55823223', 'rs3833085_rs55823223', 'rs116044941_rs55823223', 'rs9908862_rs55823223', 'rs4072479_rs55823223'}",1.0,"{'ENST00000254816', 'ENST00000586495'}","{'rs3903010_rs55823223', 'rs9889965_rs55823223', 'rs4600514_rs55823223', 'rs1105917_rs55823223', 'rs3833085_rs55823223', 'rs116044941_rs55823223', 'rs9908862_rs55823223', 'rs4072479_rs55823223'}",1.0,"{'ENST00000254816', 'ENST00000586495'}","{'rs3903010_rs55823223', 'rs9889965_rs55823223', 'rs4600514_rs55823223', 'rs1105917_rs55823223', 'rs3833085_rs55823223', 'rs116044941_rs55823223', 'rs9908862_rs55823223', 'rs4072479_rs55823223'}",1.0,"{'ENST00000254816', 'ENST00000586495'}","{'rs3903010_rs55823223', 'rs9889965_rs55823223', 'rs4600514_rs55823223', 'rs1105917_rs55823223', 'rs3833085_rs55823223', 'rs116044941_rs55823223', 'rs9908862_rs55823223', 'rs4072479_rs55823223'}",1.0,"{'ENST00000254816', 'ENST00000586495'}","{'rs3903010_rs55823223', 'rs9889965_rs55823223', 'rs4600514_rs55823223', 'rs1105917_rs55823223', 'rs3833085_rs55823223', 'rs116044941_rs55823223', 'rs9908862_rs55823223', 'rs4072479_rs55823223'}",1.0,"{'ENST00000254816', 'ENST00000586495'}","{'rs3903010_rs55823223', 'rs9889965_rs55823223', 'rs4600514_rs55823223', 'rs1105917_rs55823223', 'rs3833085_rs55823223', 'rs116044941_rs55823223', 'rs9908862_rs55823223', 'rs4072479_rs55823223'}",1.0,"{'ENST00000254816', 'ENST00000586495'}","{'rs3903010_rs55823223', 'rs9889965_rs55823223', 'rs4600514_rs55823223', 'rs1105917_rs55823223', 'rs3833085_rs55823223', 'rs116044941_rs55823223', 'rs9908862_rs55823223', 'rs4072479_rs55823223'}",1.0,"{'ENST00000254816', 'ENST00000586495'}","{'rs3903010_rs55823223', 'rs9889965_rs55823223', 'rs4600514_rs55823223', 'rs1105917_rs55823223', 'rs3833085_rs55823223', 'rs116044941_rs55823223', 'rs9908862_rs55823223', 'rs4072479_rs55823223'}",1.0,"{'ENST00000254816', 'ENST00000586495'}","{'rs3903010_rs55823223', 'rs9889965_rs55823223', 'rs4600514_rs55823223', 'rs1105917_rs55823223', 'rs3833085_rs55823223', 'rs116044941_rs55823223', 'rs9908862_rs55823223', 'rs4072479_rs55823223'}",1.0,"{'ENST00000254816', 'ENST00000586495'}","{'rs3903010_rs55823223', 'rs9889965_rs55823223', 'rs4600514_rs55823223', 'rs1105917_rs55823223', 'rs3833085_rs55823223', 'rs116044941_rs55823223', 'rs9908862_rs55823223', 'rs4072479_rs55823223'}",1.0,"{'ENST00000254816', 'ENST00000586495'}","{'rs3903010_rs55823223', 'rs9889965_rs55823223', 'rs4600514_rs55823223', 'rs1105917_rs55823223', 'rs3833085_rs55823223', 'rs116044941_rs55823223', 'rs9908862_rs55823223', 'rs4072479_rs55823223'}",1.0,"{'ENST00000254816', 'ENST00000586495'}","{'rs3903010_rs55823223', 'rs9889965_rs55823223', 'rs4600514_rs55823223', 'rs1105917_rs55823223', 'rs3833085_rs55823223', 'rs116044941_rs55823223', 'rs9908862_rs55823223', 'rs4072479_rs55823223'}",1.0,TRIM47
12,ENSG00000134882,,"{'ENST00000376440', 'ENST00000355700', 'ENST00000457666', 'ENST00000403766'}",{'rs7331894_rs9513593'},1.0,"{'ENST00000376440', 'ENST00000355700', 'ENST00000457666', 'ENST00000403766'}",{'rs7331894_rs9513593'},1.0,"{'ENST00000376440', 'ENST00000355700', 'ENST00000457666', 'ENST00000403766'}",{'rs7331894_rs9513593'},1.0,"{'ENST00000376440', 'ENST00000355700', 'ENST00000457666', 'ENST00000403766'}",{'rs7331894_rs9513593'},1.0,"{'ENST00000376440', 'ENST00000355700', 'ENST00000457666', 'ENST00000403766'}",{'rs7331894_rs9513593'},1.0,"{'ENST00000376440', 'ENST00000355700', 'ENST00000457666', 'ENST00000403766'}",{'rs7331894_rs9513593'},1.0,"{'ENST00000376440', 'ENST00000355700', 'ENST00000457666', 'ENST00000403766'}",{'rs7331894_rs9513593'},1.0,"{'ENST00000376440', 'ENST00000355700', 'ENST00000457666', 'ENST00000403766'}",{'rs7331894_rs9513593'},1.0,"{'ENST00000376440', 'ENST00000355700', 'ENST00000457666', 'ENST00000403766'}",{'rs7331894_rs9513593'},1.0,"{'ENST00000376440', 'ENST00000355700', 'ENST00000457666', 'ENST00000403766'}",{'rs7331894_rs9513593'},1.0,"{'ENST00000376440', 'ENST00000355700', 'ENST00000457666', 'ENST00000403766'}",{'rs7331894_rs9513593'},1.0,"{'ENST00000376440', 'ENST00000355700', 'ENST00000457666', 'ENST00000403766'}",{'rs7331894_rs9513593'},1.0,"{'ENST00000376440', 'ENST00000355700', 'ENST00000457666', 'ENST00000403766'}",{'rs7331894_rs9513593'},1.0,UBAC2
13,ENSG00000134954,,"{'ENST00000535549', 'ENST00000319397', 'ENST00000526145', 'ENST00000531611'}","{'rs151213883_rs61907765', 'rs61907765_rs61907765'}",1.0,"{'ENST00000535549', 'ENST00000319397', 'ENST00000526145', 'ENST00000531611'}","{'rs151213883_rs61907765', 'rs61907765_rs61907765'}",1.0,"{'ENST00000535549', 'ENST00000319397', 'ENST00000526145', 'ENST00000531611'}","{'rs151213883_rs61907765', 'rs61907765_rs61907765'}",1.0,"{'ENST00000535549', 'ENST00000319397', 'ENST00000526145', 'ENST00000531611'}","{'rs151213883_rs61907765', 'rs61907765_rs61907765'}",1.0,"{'ENST00000535549', 'ENST00000319397', 'ENST00000526145', 'ENST00000531611'}","{'rs151213883_rs61907765', 'rs61907765_rs61907765'}",1.0,"{'ENST00000535549', 'ENST00000319397', 'ENST00000526145', 'ENST00000531611'}","{'rs151213883_rs61907765', 'rs61907765_rs61907765'}",1.0,"{'ENST00000535549', 'ENST00000319397', 'ENST00000526145', 'ENST00000531611'}","{'rs151213883_rs61907765', 'rs61907765_rs61907765'}",1.0,"{'ENST00000535549', 'ENST00000319397', 'ENST00000526145', 'ENST00000531611'}","{'rs151213883_rs61907765', 'rs61907765_rs61907765'}",1.0,"{'ENST00000535549', 'ENST00000319397', 'ENST00000526145', 'ENST00000531611'}","{'rs151213883_rs61907765', 'rs61907765_rs61907765'}",1.0,"{'ENST00000535549', 'ENST00000319397', 'ENST00000526145', 'ENST00000531611'}","{'rs151213883_rs61907765', 'rs61907765_rs61907765'}",1.0,"{'ENST00000535549', 'ENST00000319397', 'ENST00000526145', 'ENST00000531611'}","{'rs151213883_rs61907765', 'rs61907765_rs61907765'}",1.0,"{'ENST00000535549', 'ENST00000319397', 'ENST00000526145', 'ENST00000531611'}","{'rs151213883_rs61907765', 'rs61907765_rs61907765'}",1.0,"{'ENST00000535549', 'ENST00000319397', 'ENST00000526145', 'ENST00000531611'}","{'rs151213883_rs61907765', 'rs61907765_rs61907765'}",1.0,ETS1
14,ENSG00000135469,,"{'ENST00000433805', 'ENST00000553234', 'ENST00000308197', 'ENST00000546544'}",{'rs60542959_rs57137641'},1.0,"{'ENST00000433805', 'ENST00000553234', 'ENST00000308197', 'ENST00000546544'}",{'rs60542959_rs57137641'},1.0,"{'ENST00000433805', 'ENST00000553234', 'ENST00000308197', 'ENST00000546544'}",{'rs60542959_rs57137641'},1.0,"{'ENST00000433805', 'ENST00000553234', 'ENST00000308197', 'ENST00000546544'}",{'rs60542959_rs57137641'},1.0,"{'ENST00000433805', 'ENST00000553234', 'ENST00000308197', 'ENST00000546544'}",{'rs60542959_rs57137641'},1.0,"{'ENST00000433805', 'ENST00000553234', 'ENST00000308197', 'ENST00000546544'}",{'rs60542959_rs57137641'},1.0,"{'ENST00000433805', 'ENST00000553234', 'ENST00000308197', 'ENST00000546544'}",{'rs60542959_rs57137641'},1.0,"{'ENST00000433805', 'ENST00000553234', 'ENST00000308197', 'ENST00000546544'}",{'rs60542959_rs57137641'},1.0,"{'ENST00000433805', 'ENST00000553234', 'ENST00000308197', 'ENST00000546544'}",{'rs60542959_rs57137641'},1.0,"{'ENST00000433805', 'ENST00000553234', 'ENST00000308197', 'ENST00000546544'}",{'rs60542959_rs57137641'},1.0,"{'ENST00000433805', 'ENST00000553234', 'ENST00000308197', 'ENST00000546544'}",{'rs60542959_rs57137641'},1.0,"{'ENST00000433805', 'ENST00000553234', 'ENST00000308197', 'ENST00000546544'}",{'rs60542959_rs57137641'},1.0,"{'ENST00000433805', 'ENST00000553234', 'ENST00000308197', 'ENST00000546544'}",{'rs60542959_rs57137641'},1.0,COQ10A
15,ENSG00000135473,,"{'ENST00000440411', 'ENST00000548043', 'ENST00000425394', 'ENST00000257931', 'ENST00000610546', 'ENST00000547572'}","{'rs11358218_rs57137641', 'rs80317430_rs57137641', 'rs79824801_rs57137641', 'rs2371494_rs57137641'}",1.0,"{'ENST00000440411', 'ENST00000548043', 'ENST00000425394', 'ENST00000257931', 'ENST00000610546', 'ENST00000547572'}","{'rs11358218_rs57137641', 'rs80317430_rs57137641', 'rs79824801_rs57137641', 'rs2371494_rs57137641'}",1.0,"{'ENST00000440411', 'ENST00000548043', 'ENST00000425394', 'ENST00000257931', 'ENST00000610546', 'ENST00000547572'}","{'rs11358218_rs57137641', 'rs80317430_rs57137641', 'rs79824801_rs57137641', 'rs2371494_rs57137641'}",1.0,"{'ENST00000440411', 'ENST00000548043', 'ENST00000425394', 'ENST00000257931', 'ENST00000610546', 'ENST00000547572'}","{'rs11358218_rs57137641', 'rs80317430_rs57137641', 'rs79824801_rs57137641', 'rs2371494_rs57137641'}",1.0,"{'ENST00000440411', 'ENST00000548043', 'ENST00000425394', 'ENST00000257931', 'ENST00000610546', 'ENST00000547572'}","{'rs11358218_rs57137641', 'rs80317430_rs57137641', 'rs79824801_rs57137641', 'rs2371494_rs57137641'}",1.0,"{'ENST00000440411', 'ENST00000548043', 'ENST00000425394', 'ENST00000257931', 'ENST00000610546', 'ENST00000547572'}","{'rs11358218_rs57137641', 'rs80317430_rs57137641', 'rs79824801_rs57137641', 'rs2371494_rs57137641'}",1.0,"{'ENST00000440411', 'ENST00000548043', 'ENST00000425394', 'ENST00000257931', 'ENST00000610546', 'ENST00000547572'}","{'rs11358218_rs57137641', 'rs80317430_rs57137641', 'rs79824801_rs57137641', 'rs2371494_rs57137641'}",1.0,"{'ENST00000440411', 'ENST00000548043', 'ENST00000425394', 'ENST00000257931', 'ENST00000610546', 'ENST00000547572'}","{'rs11358218_rs57137641', 'rs80317430_rs57137641', 'rs79824801_rs57137641', 'rs2371494_rs57137641'}",1.0,"{'ENST00000440411', 'ENST00000548043', 'ENST00000425394', 'ENST00000257931', 'ENST00000610546', 'ENST00000547572'}","{'rs11358218_rs57137641', 'rs80317430_rs57137641', 'rs79824801_rs57137641', 'rs2371494_rs57137641'}",1.0,"{'ENST00000440411', 'ENST00000548043', 'ENST00000425394', 'ENST00000257931', 'ENST00000610546', 'ENST00000547572'}","{'rs11358218_rs57137641', 'rs80317430_rs57137641', 'rs79824801_rs57137641', 'rs2371494_rs57137641'}",1.0,"{'ENST00000440411', 'ENST00000548043', 'ENST00000425394', 'ENST00000257931', 'ENST00000610546', 'ENST00000547572'}","{'rs11358218_rs57137641', 'rs80317430_rs57137641', 'rs79824801_rs57137641', 'rs2371494_rs57137641'}",1.0,"{'ENST00000440411', 'ENST00000548043', 'ENST00000425394', 'ENST00000257931', 'ENST00000610546', 'ENST00000547572'}","{'rs11358218_rs57137641', 'rs80317430_rs57137641', 'rs79824801_rs57137641', 'rs2371494_rs57137641'}",1.0,"{'ENST00000440411', 'ENST00000548043', 'ENST00000425394', 'ENST00000257931', 'ENST00000610546', 'ENST00000547572'}","{'rs11358218_rs57137641', 'rs80317430_rs57137641', 'rs79824801_rs57137641', 'rs2371494_rs57137641'}",1.0,PAN2
16,ENSG00000149289,,{'ENST00000278590'},"{'rs5794664_rs4561177', 'rs11213260_rs4561177'}",1.0,{'ENST00000278590'},"{'rs5794664_rs4561177', 'rs11213260_rs4561177'}",1.0,{'ENST00000278590'},"{'rs5794664_rs4561177', 'rs11213260_rs4561177'}",1.0,{'ENST00000278590'},"{'rs5794664_rs4561177', 'rs11213260_rs4561177'}",1.0,{'ENST00000278590'},"{'rs5794664_rs4561177', 'rs11213260_rs4561177'}",1.0,{'ENST00000278590'},"{'rs5794664_rs4561177', 'rs11213260_rs4561177'}",1.0,,,,,,,{'ENST00000278590'},"{'rs5794664_rs4561177', 'rs11213260_rs4561177'}",1.0,{'ENST00000278590'},"{'rs5794664_rs4561177', 'rs11213260_rs4561177'}",1.0,{'ENST00000278590'},"{'rs5794664_rs4561177', 'rs11213260_rs4561177'}",1.0,{'ENST00000278590'},"{'rs5794664_rs4561177', 'rs11213260_rs4561177'}",1.0,,,,ZC3H12C
17,ENSG00000161179,,"{'ENST00000292778', 'ENST00000398873'}",{'rs3747093_rs5754387'},1.0,"{'ENST00000292778', 'ENST00000398873'}",{'rs3747093_rs5754387'},1.0,"{'ENST00000292778', 'ENST00000398873'}",{'rs3747093_rs5754387'},1.0,"{'ENST00000292778', 'ENST00000398873'}",{'rs3747093_rs5754387'},1.0,"{'ENST00000292778', 'ENST00000398873'}",{'rs3747093_rs5754387'},1.0,"{'ENST00000292778', 'ENST00000398873'}",{'rs3747093_rs5754387'},1.0,"{'ENST00000292778', 'ENST00000398873'}",{'rs3747093_rs5754387'},1.0,"{'ENST00000292778', 'ENST00000398873'}",{'rs3747093_rs5754387'},1.0,"{'ENST00000292778', 'ENST00000398873'}",{'rs3747093_rs5754387'},1.0,"{'ENST00000292778', 'ENST00000398873'}",{'rs3747093_rs5754387'},1.0,"{'ENST00000292778', 'ENST00000398873'}",{'rs3747093_rs5754387'},1.0,"{'ENST00000292778', 'ENST00000398873'}",{'rs3747093_rs5754387'},1.0,"{'ENST00000292778', 'ENST00000398873'}",{'rs3747093_rs5754387'},1.0,YDJC
18,ENSG00000162613,,"{'ENST00000370768', 'ENST00000370767', 'ENST00000421641'}",{'rs71244403_rs34517439'},1.0,"{'ENST00000370768', 'ENST00000370767', 'ENST00000421641'}",{'rs71244403_rs34517439'},1.0,"{'ENST00000370768', 'ENST00000370767', 'ENST00000421641'}",{'rs71244403_rs34517439'},1.0,"{'ENST00000370768', 'ENST00000370767', 'ENST00000421641'}",{'rs71244403_rs34517439'},1.0,"{'ENST00000370768', 'ENST00000370767', 'ENST00000421641'}",{'rs71244403_rs34517439'},1.0,"{'ENST00000370768', 'ENST00000370767', 'ENST00000421641'}",{'rs71244403_rs34517439'},1.0,"{'ENST00000370768', 'ENST00000370767', 'ENST00000421641'}",{'rs71244403_rs34517439'},1.0,"{'ENST00000370768', 'ENST00000370767', 'ENST00000421641'}",{'rs71244403_rs34517439'},1.0,"{'ENST00000370768', 'ENST00000370767', 'ENST00000421641'}",{'rs71244403_rs34517439'},1.0,"{'ENST00000370768', 'ENST00000370767', 'ENST00000421641'}",{'rs71244403_rs34517439'},1.0,"{'ENST00000370768', 'ENST00000370767', 'ENST00000421641'}",{'rs71244403_rs34517439'},1.0,"{'ENST00000370768', 'ENST00000370767', 'ENST00000421641'}",{'rs71244403_rs34517439'},1.0,"{'ENST00000370768', 'ENST00000370767', 'ENST00000421641'}",{'rs71244403_rs34517439'},1.0,FUBP1
19,ENSG00000167394,,{'ENST00000417935'},{'rs6565217_rs7184567'},1.0,"{'ENST00000426488', 'ENST00000417935', 'ENST00000539836', 'ENST00000535577', 'ENST00000442862'}","{'rs6565217_rs7184567', 'rs368931095_rs7184567', 'rs11647284_rs7184567'}",1.0,{'ENST00000417935'},{'rs6565217_rs7184567'},1.0,"{'ENST00000426488', 'ENST00000417935', 'ENST00000539836', 'ENST00000535577', 'ENST00000442862'}","{'rs6565217_rs7184567', 'rs368931095_rs7184567', 'rs11647284_rs7184567'}",1.0,{'ENST00000417935'},{'rs6565217_rs7184567'},1.0,{'ENST00000417935'},{'rs6565217_rs7184567'},1.0,{'ENST00000417935'},{'rs6565217_rs7184567'},1.0,{'ENST00000417935'},{'rs6565217_rs7184567'},1.0,{'ENST00000417935'},{'rs6565217_rs7184567'},1.0,"{'ENST00000426488', 'ENST00000417935', 'ENST00000539836', 'ENST00000535577', 'ENST00000442862'}","{'rs6565217_rs7184567', 'rs368931095_rs7184567', 'rs11647284_rs7184567'}",1.0,"{'ENST00000426488', 'ENST00000417935', 'ENST00000539836', 'ENST00000535577', 'ENST00000442862'}","{'rs6565217_rs7184567', 'rs368931095_rs7184567', 'rs11647284_rs7184567'}",1.0,{'ENST00000417935'},{'rs6565217_rs7184567'},1.0,{'ENST00000417935'},{'rs6565217_rs7184567'},1.0,ZNF668
20,ENSG00000168071,,,,,,,,,,,,,,{'ENST00000356786'},"{'rs663743_rs887314', 'rs479777_rs887314'}",1.0,{'ENST00000356786'},"{'rs663743_rs887314', 'rs479777_rs887314'}",1.0,{'ENST00000356786'},"{'rs663743_rs887314', 'rs479777_rs887314'}",1.0,{'ENST00000356786'},"{'rs663743_rs887314', 'rs479777_rs887314'}",1.0,{'ENST00000356786'},"{'rs663743_rs887314', 'rs479777_rs887314'}",1.0,,,,,,,{'ENST00000356786'},"{'rs663743_rs887314', 'rs479777_rs887314'}",1.0,{'ENST00000356786'},"{'rs663743_rs887314', 'rs479777_rs887314'}",1.0,CCDC88B
21,ENSG00000170581,,"{'ENST00000418572', 'ENST00000557235', 'ENST00000314128'}","{'rs57870697_rs57137641', 'ALU_umary_ALU_9228_rs57137641', 'rs371263878_rs57137641', 'rs2066818_rs57137641'}",1.0,"{'ENST00000418572', 'ENST00000557235', 'ENST00000314128'}","{'rs57870697_rs57137641', 'ALU_umary_ALU_9228_rs57137641', 'rs371263878_rs57137641', 'rs2066818_rs57137641'}",1.0,"{'ENST00000418572', 'ENST00000557235', 'ENST00000314128'}","{'rs57870697_rs57137641', 'ALU_umary_ALU_9228_rs57137641', 'rs371263878_rs57137641', 'rs2066818_rs57137641'}",1.0,"{'ENST00000418572', 'ENST00000557235', 'ENST00000314128'}","{'rs57870697_rs57137641', 'ALU_umary_ALU_9228_rs57137641', 'rs371263878_rs57137641', 'rs2066818_rs57137641'}",1.0,"{'ENST00000418572', 'ENST00000557235', 'ENST00000314128'}","{'rs57870697_rs57137641', 'ALU_umary_ALU_9228_rs57137641', 'rs371263878_rs57137641', 'rs2066818_rs57137641'}",1.0,"{'ENST00000418572', 'ENST00000557235', 'ENST00000314128'}","{'rs57870697_rs57137641', 'ALU_umary_ALU_9228_rs57137641', 'rs371263878_rs57137641', 'rs2066818_rs57137641'}",1.0,"{'ENST00000418572', 'ENST00000557235', 'ENST00000314128'}","{'rs57870697_rs57137641', 'ALU_umary_ALU_9228_rs57137641', 'rs371263878_rs57137641', 'rs2066818_rs57137641'}",1.0,"{'ENST00000418572', 'ENST00000557235', 'ENST00000314128'}","{'rs57870697_rs57137641', 'ALU_umary_ALU_9228_rs57137641', 'rs371263878_rs57137641', 'rs2066818_rs57137641'}",1.0,"{'ENST00000418572', 'ENST00000557235', 'ENST00000314128'}","{'rs57870697_rs57137641', 'ALU_umary_ALU_9228_rs57137641', 'rs371263878_rs57137641', 'rs2066818_rs57137641'}",1.0,"{'ENST00000418572', 'ENST00000557235', 'ENST00000314128'}","{'rs57870697_rs57137641', 'ALU_umary_ALU_9228_rs57137641', 'rs371263878_rs57137641', 'rs2066818_rs57137641'}",1.0,"{'ENST00000418572', 'ENST00000557235', 'ENST00000314128'}","{'rs57870697_rs57137641', 'ALU_umary_ALU_9228_rs57137641', 'rs371263878_rs57137641', 'rs2066818_rs57137641'}",1.0,"{'ENST00000418572', 'ENST00000557235', 'ENST00000314128'}","{'rs57870697_rs57137641', 'ALU_umary_ALU_9228_rs57137641', 'rs371263878_rs57137641', 'rs2066818_rs57137641'}",1.0,"{'ENST00000418572', 'ENST00000557235', 'ENST00000314128'}","{'rs57870697_rs57137641', 'ALU_umary_ALU_9228_rs57137641', 'rs371263878_rs57137641', 'rs2066818_rs57137641'}",1.0,STAT2
22,ENSG00000173264,,"{'ENST00000411458', 'ENST00000543383', 'ENST00000539833', 'ENST00000313074', 'ENST00000535675', 'ENST00000538032', 'ENST00000540370', 'ENST00000542190', 'ENST00000541952', 'ENST00000539851', 'ENST00000536667', 'ENST00000438980', 'ENST00000377702'}","{'rs2510066_rs887314', 'rs887314_rs887314'}",1.0,"{'ENST00000411458', 'ENST00000543383', 'ENST00000539833', 'ENST00000313074', 'ENST00000535675', 'ENST00000538032', 'ENST00000540370', 'ENST00000542190', 'ENST00000541952', 'ENST00000539851', 'ENST00000536667', 'ENST00000438980', 'ENST00000377702'}","{'rs2510066_rs887314', 'rs887314_rs887314'}",1.0,"{'ENST00000411458', 'ENST00000543383', 'ENST00000539833', 'ENST00000313074', 'ENST00000535675', 'ENST00000538032', 'ENST00000540370', 'ENST00000542190', 'ENST00000541952', 'ENST00000539851', 'ENST00000536667', 'ENST00000438980', 'ENST00000377702'}","{'rs2510066_rs887314', 'rs887314_rs887314'}",1.0,"{'ENST00000411458', 'ENST00000543383', 'ENST00000539833', 'ENST00000313074', 'ENST00000535675', 'ENST00000538032', 'ENST00000540370', 'ENST00000542190', 'ENST00000541952', 'ENST00000539851', 'ENST00000536667', 'ENST00000438980', 'ENST00000377702'}","{'rs2510066_rs887314', 'rs887314_rs887314'}",1.0,"{'ENST00000411458', 'ENST00000543383', 'ENST00000539833', 'ENST00000313074', 'ENST00000535675', 'ENST00000538032', 'ENST00000540370', 'ENST00000542190', 'ENST00000541952', 'ENST00000539851', 'ENST00000536667', 'ENST00000438980', 'ENST00000377702'}","{'rs2510066_rs887314', 'rs887314_rs887314'}",1.0,"{'ENST00000411458', 'ENST00000543383', 'ENST00000539833', 'ENST00000313074', 'ENST00000535675', 'ENST00000538032', 'ENST00000540370', 'ENST00000542190', 'ENST00000541952', 'ENST00000539851', 'ENST00000536667', 'ENST00000438980', 'ENST00000377702'}","{'rs2510066_rs887314', 'rs887314_rs887314'}",1.0,"{'ENST00000411458', 'ENST00000543383', 'ENST00000539833', 'ENST00000313074', 'ENST00000535675', 'ENST00000538032', 'ENST00000540370', 'ENST00000542190', 'ENST00000541952', 'ENST00000539851', 'ENST00000536667', 'ENST00000438980', 'ENST00000377702'}","{'rs2510066_rs887314', 'rs887314_rs887314'}",1.0,"{'ENST00000411458', 'ENST00000543383', 'ENST00000539833', 'ENST00000313074', 'ENST00000535675', 'ENST00000538032', 'ENST00000540370', 'ENST00000542190', 'ENST00000541952', 'ENST00000539851', 'ENST00000536667', 'ENST00000438980', 'ENST00000377702'}","{'rs2510066_rs887314', 'rs887314_rs887314'}",1.0,"{'ENST00000411458', 'ENST00000543383', 'ENST00000539833', 'ENST00000313074', 'ENST00000535675', 'ENST00000538032', 'ENST00000540370', 'ENST00000542190', 'ENST00000541952', 'ENST00000539851', 'ENST00000536667', 'ENST00000438980', 'ENST00000377702'}","{'rs2510066_rs887314', 'rs887314_rs887314'}",1.0,"{'ENST00000411458', 'ENST00000543383', 'ENST00000539833', 'ENST00000313074', 'ENST00000535675', 'ENST00000538032', 'ENST00000540370', 'ENST00000542190', 'ENST00000541952', 'ENST00000539851', 'ENST00000536667', 'ENST00000438980', 'ENST00000377702'}","{'rs2510066_rs887314', 'rs887314_rs887314'}",1.0,"{'ENST00000411458', 'ENST00000543383', 'ENST00000539833', 'ENST00000313074', 'ENST00000535675', 'ENST00000538032', 'ENST00000540370', 'ENST00000542190', 'ENST00000541952', 'ENST00000539851', 'ENST00000536667', 'ENST00000438980', 'ENST00000377702'}","{'rs2510066_rs887314', 'rs887314_rs887314'}",1.0,"{'ENST00000411458', 'ENST00000543383', 'ENST00000539833', 'ENST00000313074', 'ENST00000535675', 'ENST00000538032', 'ENST00000540370', 'ENST00000542190', 'ENST00000541952', 'ENST00000539851', 'ENST00000536667', 'ENST00000438980', 'ENST00000377702'}","{'rs2510066_rs887314', 'rs887314_rs887314'}",1.0,"{'ENST00000411458', 'ENST00000543383', 'ENST00000539833', 'ENST00000313074', 'ENST00000535675', 'ENST00000538032', 'ENST00000540370', 'ENST00000542190', 'ENST00000541952', 'ENST00000539851', 'ENST00000536667', 'ENST00000438980', 'ENST00000377702'}","{'rs2510066_rs887314', 'rs887314_rs887314'}",1.0,GPR137
23,ENSG00000173457,,"{'ENST00000392210', 'ENST00000542235'}",{'rs60031276_rs887314'},1.0,"{'ENST00000392210', 'ENST00000542235'}",{'rs60031276_rs887314'},1.0,"{'ENST00000392210', 'ENST00000542235'}",{'rs60031276_rs887314'},1.0,"{'ENST00000392210', 'ENST00000542235'}",{'rs60031276_rs887314'},1.0,"{'ENST00000392210', 'ENST00000542235'}",{'rs60031276_rs887314'},1.0,"{'ENST00000392210', 'ENST00000542235'}",{'rs60031276_rs887314'},1.0,"{'ENST00000392210', 'ENST00000542235'}",{'rs60031276_rs887314'},1.0,"{'ENST00000392210', 'ENST00000542235'}",{'rs60031276_rs887314'},1.0,"{'ENST00000392210', 'ENST00000542235'}",{'rs60031276_rs887314'},1.0,"{'ENST00000392210', 'ENST00000542235'}",{'rs60031276_rs887314'},1.0,"{'ENST00000392210', 'ENST00000542235'}",{'rs60031276_rs887314'},1.0,"{'ENST00000392210', 'ENST00000542235'}",{'rs60031276_rs887314'},1.0,"{'ENST00000392210', 'ENST00000542235'}",{'rs60031276_rs887314'},1.0,PPP1R14B
24,ENSG00000185338,,"{'ENST00000332029', 'ENST00000644787'}","{'rs33989964_rs413024', 'rs243332_rs413024'}",1.0,"{'ENST00000332029', 'ENST00000644787'}","{'rs33989964_rs413024', 'rs243332_rs413024'}",1.0,,,,,,,"{'ENST00000332029', 'ENST00000644787'}","{'rs33989964_rs413024', 'rs243332_rs413024'}",1.0,"{'ENST00000332029', 'ENST00000644787'}","{'rs33989964_rs413024', 'rs243332_rs413024'}",1.0,"{'ENST00000332029', 'ENST00000644787'}","{'rs33989964_rs413024', 'rs243332_rs413024'}",1.0,"{'ENST00000332029', 'ENST00000644787'}","{'rs33989964_rs413024', 'rs243332_rs413024'}",1.0,"{'ENST00000332029', 'ENST00000644787'}","{'rs33989964_rs413024', 'rs243332_rs413024'}",1.0,"{'ENST00000332029', 'ENST00000644787'}","{'rs33989964_rs413024', 'rs243332_rs413024'}",1.0,,,,"{'ENST00000332029', 'ENST00000644787'}","{'rs33989964_rs413024', 'rs243332_rs413024'}",1.0,"{'ENST00000332029', 'ENST00000644787'}","{'rs33989964_rs413024', 'rs243332_rs413024'}",1.0,SOCS1
25,ENSG00000185651,,"{'ENST00000545681', 'ENST00000342192'}","{'rs140489_rs5754387', 'rs11089620_rs5754387', 'rs140490_rs5754387', 'rs140491_rs5754387'}",1.0,"{'ENST00000545681', 'ENST00000342192'}","{'rs131665_rs5754387', 'rs140489_rs5754387', 'rs140491_rs5754387', 'rs11089620_rs5754387', 'rs140490_rs5754387'}",1.0,"{'ENST00000545681', 'ENST00000342192'}","{'rs140489_rs5754387', 'rs11089620_rs5754387', 'rs140490_rs5754387', 'rs140491_rs5754387'}",1.0,"{'ENST00000545681', 'ENST00000342192'}","{'rs131665_rs5754387', 'rs140489_rs5754387', 'rs140491_rs5754387', 'rs11089620_rs5754387', 'rs140490_rs5754387'}",1.0,"{'ENST00000545681', 'ENST00000342192'}","{'rs131665_rs5754387', 'rs140489_rs5754387', 'rs140491_rs5754387', 'rs11089620_rs5754387', 'rs140490_rs5754387'}",1.0,"{'ENST00000545681', 'ENST00000342192'}","{'rs131665_rs5754387', 'rs140489_rs5754387', 'rs140491_rs5754387', 'rs11089620_rs5754387', 'rs140490_rs5754387'}",1.0,"{'ENST00000545681', 'ENST00000342192'}","{'rs140489_rs5754387', 'rs11089620_rs5754387', 'rs140490_rs5754387', 'rs140491_rs5754387'}",1.0,"{'ENST00000545681', 'ENST00000342192'}","{'rs140489_rs5754387', 'rs11089620_rs5754387', 'rs140490_rs5754387', 'rs140491_rs5754387'}",1.0,"{'ENST00000545681', 'ENST00000342192'}","{'rs140489_rs5754387', 'rs11089620_rs5754387', 'rs140490_rs5754387', 'rs140491_rs5754387'}",1.0,"{'ENST00000545681', 'ENST00000342192'}","{'rs131665_rs5754387', 'rs140489_rs5754387', 'rs140491_rs5754387', 'rs11089620_rs5754387', 'rs140490_rs5754387'}",1.0,"{'ENST00000545681', 'ENST00000342192'}","{'rs131665_rs5754387', 'rs140489_rs5754387', 'rs140491_rs5754387', 'rs11089620_rs5754387', 'rs140490_rs5754387'}",1.0,"{'ENST00000545681', 'ENST00000342192'}","{'rs131665_rs5754387', 'rs140489_rs5754387', 'rs140491_rs5754387', 'rs11089620_rs5754387', 'rs140490_rs5754387'}",1.0,"{'ENST00000545681', 'ENST00000342192'}","{'rs131665_rs5754387', 'rs140489_rs5754387', 'rs140491_rs5754387', 'rs11089620_rs5754387', 'rs140490_rs5754387'}",1.0,UBE2L3
26,ENSG00000213047,,"{'ENST00000367396', 'ENST00000235453'}",{'rs1539414_rs3900909'},1.0,"{'ENST00000367396', 'ENST00000235453'}",{'rs1539414_rs3900909'},1.0,"{'ENST00000367396', 'ENST00000235453'}",{'rs1539414_rs3900909'},1.0,"{'ENST00000367396', 'ENST00000235453'}",{'rs1539414_rs3900909'},1.0,"{'ENST00000367396', 'ENST00000235453'}",{'rs1539414_rs3900909'},1.0,"{'ENST00000367396', 'ENST00000235453'}",{'rs1539414_rs3900909'},1.0,"{'ENST00000367396', 'ENST00000235453'}",{'rs1539414_rs3900909'},1.0,"{'ENST00000367396', 'ENST00000235453'}",{'rs1539414_rs3900909'},1.0,"{'ENST00000367396', 'ENST00000235453'}",{'rs1539414_rs3900909'},1.0,"{'ENST00000367396', 'ENST00000235453'}",{'rs1539414_rs3900909'},1.0,"{'ENST00000367396', 'ENST00000235453'}",{'rs1539414_rs3900909'},1.0,"{'ENST00000367396', 'ENST00000235453'}",{'rs1539414_rs3900909'},1.0,"{'ENST00000367396', 'ENST00000235453'}",{'rs1539414_rs3900909'},1.0,DENND1B
27,ENSG00000105397,,,,,{'ENST00000525621'},{'rs144309607_rs34536443'},1.0,,,,,,,{'ENST00000525621'},{'rs144309607_rs34536443'},1.0,{'ENST00000525621'},{'rs144309607_rs34536443'},1.0,{'ENST00000525621'},{'rs144309607_rs34536443'},1.0,{'ENST00000525621'},{'rs144309607_rs34536443'},1.0,{'ENST00000525621'},{'rs144309607_rs34536443'},1.0,{'ENST00000525621'},{'rs144309607_rs34536443'},1.0,,,,{'ENST00000525621'},{'rs144309607_rs34536443'},1.0,{'ENST00000525621'},{'rs144309607_rs34536443'},1.0,TYK2
28,ENSG00000145901,,,,,"{'ENST00000523338', 'ENST00000522226', 'ENST00000315050', 'ENST00000522100'}",{'rs8177833_rs74817271'},1.0,,,,"{'ENST00000523338', 'ENST00000522226', 'ENST00000315050', 'ENST00000522100'}",{'rs8177833_rs74817271'},1.0,"{'ENST00000523338', 'ENST00000522226', 'ENST00000315050', 'ENST00000522100'}","{'rs8177833_rs74817271', 'rs2233278_rs74817271'}",1.0,"{'ENST00000523338', 'ENST00000522226', 'ENST00000315050', 'ENST00000522100'}","{'rs8177833_rs74817271', 'rs2233278_rs74817271'}",1.0,"{'ENST00000523338', 'ENST00000522226', 'ENST00000315050', 'ENST00000522100'}","{'rs8177833_rs74817271', 'rs2233278_rs74817271'}",1.0,"{'ENST00000523338', 'ENST00000522226', 'ENST00000315050', 'ENST00000522100'}","{'rs8177833_rs74817271', 'rs2233278_rs74817271'}",1.0,"{'ENST00000523338', 'ENST00000522226', 'ENST00000315050', 'ENST00000522100'}","{'rs8177833_rs74817271', 'rs2233278_rs74817271'}",1.0,"{'ENST00000523338', 'ENST00000522226', 'ENST00000315050', 'ENST00000522100'}","{'rs8177833_rs74817271', 'rs2233278_rs74817271'}",1.0,"{'ENST00000523338', 'ENST00000522226', 'ENST00000315050', 'ENST00000522100'}","{'rs8177833_rs74817271', 'rs2233278_rs74817271'}",1.0,"{'ENST00000523338', 'ENST00000522226', 'ENST00000315050', 'ENST00000522100'}","{'rs8177833_rs74817271', 'rs2233278_rs74817271'}",1.0,"{'ENST00000523338', 'ENST00000522226', 'ENST00000315050', 'ENST00000522100'}","{'rs8177833_rs74817271', 'rs2233278_rs74817271'}",1.0,TNIP1
29,ENSG00000020633,,,,,,,,,,,,,,"{'ENST00000338888', 'ENST00000399916'}",{'rs6672420_rs6672420'},1.0,"{'ENST00000338888', 'ENST00000399916'}",{'rs6672420_rs6672420'},1.0,"{'ENST00000338888', 'ENST00000399916'}",{'rs6672420_rs6672420'},1.0,"{'ENST00000338888', 'ENST00000399916'}",{'rs6672420_rs6672420'},1.0,"{'ENST00000338888', 'ENST00000399916'}",{'rs6672420_rs6672420'},1.0,,,,,,,"{'ENST00000338888', 'ENST00000399916'}",{'rs6672420_rs6672420'},1.0,"{'ENST00000338888', 'ENST00000399916'}",{'rs6672420_rs6672420'},1.0,RUNX3
30,ENSG00000155849,,,,,,,,,,,,,,"{'ENST00000455119', 'ENST00000455879'}",{'rs17259252_rs11767350'},1.0,"{'ENST00000455119', 'ENST00000455879'}",{'rs17259252_rs11767350'},1.0,"{'ENST00000455119', 'ENST00000455879'}",{'rs17259252_rs11767350'},1.0,"{'ENST00000455119', 'ENST00000455879'}",{'rs17259252_rs11767350'},1.0,"{'ENST00000455119', 'ENST00000455879'}",{'rs17259252_rs11767350'},1.0,,,,,,,"{'ENST00000455119', 'ENST00000455879'}",{'rs17259252_rs11767350'},1.0,"{'ENST00000455119', 'ENST00000455879'}",{'rs17259252_rs11767350'},1.0,ELMO1
31,ENSG00000099365,,,,,,,,,,,,,,,,,,,,"{'ENST00000565419', 'ENST00000215095'}","{'rs7184567_rs7184567', 'rs140820592_rs7184567', 'rs72800847_rs7184567'}",1.0,"{'ENST00000565419', 'ENST00000215095'}",{'rs72800847_rs7184567'},1.0,,,,,,,,,,,,,"{'ENST00000565419', 'ENST00000215095'}","{'rs7184567_rs7184567', 'rs140820592_rs7184567', 'rs72800847_rs7184567'}",1.0,STX1B
32,ENSG00000110944,,,,,,,,,,,,,,,,,,,,{'ENST00000228534'},{'rs11171806_rs57137641'},1.0,{'ENST00000228534'},{'rs11171806_rs57137641'},1.0,{'ENST00000228534'},{'rs11171806_rs57137641'},1.0,,,,,,,{'ENST00000228534'},{'rs11171806_rs57137641'},1.0,{'ENST00000228534'},{'rs11171806_rs57137641'},1.0,IL23A
33,ENSG00000148660,,,,,,,,,,,,,,,,,,,,"{'ENST00000441192', 'ENST00000433289'}","{'rs3214931_rs2459446', 'rs2664282_rs2459446'}",1.0,"{'ENST00000441192', 'ENST00000433289'}","{'rs3214931_rs2459446', 'rs2664282_rs2459446'}",1.0,,,,,,,,,,,,,"{'ENST00000441192', 'ENST00000433289'}","{'rs3214931_rs2459446', 'rs2664282_rs2459446'}",1.0,CAMK2G
